{
  "CountryList": "/v1/countries/list",
  "EmployeeData": "/v1/candidate/dashboard/",
  "PreferredContact": "/v3/static/precontactmethod",
  "Languages": "/v3/static/languages",
  "Status": "/v3/static/status",
  "DashboardData": "/v1/candidate/dashboard/",
  "Login": "/v1/candidate/login",
  "SaveEmployee": "/v1/employee/save",
  "obsDashboard": "/v1/onboardingSpecialist/obsDashboard",
  "OnbSpecialist": "/v1/onboardingSpecialists/Onboarding Specialist",
  "ObsSpecilaistValidation": "/v1/onboardingSpecialist/user/validation",
  "OnboardingCount": "/v1/onboardingSpecialist/widgetcount",
  "OnboardingDocuments": "/v1/documents/employee/",
  "EmployeeDocument": "/v1/documents/employeedocument/",
  "OnbDataByFilter": "/v1/obsdashboard/fuzzysearch",
  "OnboardingStatuses": "/v3/static/status",
  "ResetPasswordLink": "/v1/candidate/resetpasswordemail/",
  "tokenValidation": "/v1/candidate/validating/",
  "saveResetPassword": "/v1/candidate/reset/password",
  "OnboardingDocumentsData": "/v1/documents/employee/",
  "AddNewEmployeedocument": "/v1/documents/employeedocument/addnewdocument",
  "WelcomeEmail": "/v1/candidate/welcomeemail",
  "RemainderMail": "/v1/email/sendcompletionreminder",
  "DeleteOnbDocuments": "/v1/documents/employeedocument/delete/",
  "PreviewData": "/v1/documents/employee/",
  "resendOnbDocuments": "/v1/documents/resend",
  "blockCandidate": "/v1/blockcandidate",
  "startTaskRemainder": "/v1/email/statuschangemail",
  "createTemplate": "/v1/documents/onboarding/package/0/template/creation",
  "getTemplate": "/v1/documents/template/list",
  "createagreement": "/v1/employee/employeedocument/"
}
