{
  "userDetails": [
    {
      "Consultant Id": 1,
      "Consultant Name": "John Doe",
      "Home Location": "Gar Infobans",
      "Last Modified On": "10/12/1986",
      "Status": "User"
    },
    {
      "Consultant Id": 2,
      "Consultant Name": "John Doe",
      "Home Location": "Gar Infobans",
      "Last Modified On": "10/12/1986",
      "Status": "User"
    },
    {
      "Consultant Id": 3,
      "Consultant Name": "John Doe",
      "Home Location": "Gar Infobans",
      "Last Modified On": "10/12/1986",
      "Status": "User"
    },
    {
      "Consultant Id": 4,
      "Consultant Name": "John Doe",
      "Home Location": "Gar Infobans",
      "Last Modified On": "10/12/1986",
      "Status": "User"
    },
    {
      "Consultant Id": 5,
      "Consultant Name": "John Doe",
      "Home Location": "Gar Infobans",
      "Last Modified On": "10/12/1986",
      "Status": "User"
    },
    {
      "Consultant Id": 6,
      "Consultant Name": "John Doe",
      "Home Location": "Gar Infobans",
      "Last Modified On": "10/12/1986",
      "Status": "User"
    },
    {
      "Consultant Id": 7,
      "Consultant Name": "John Doe",
      "Home Location": "Gar Infobans",
      "Last Modified On": "10/12/1986",
      "Status": "User"
    }
  ]
}
